Linkedin Job ID,Job Title,Company,Date Posted,Salary,Location,Easy Apply,Hiring status,Job Link,Company Profile,Job Desc
3946354481,Storekeeper - Delta Corporation,PrecisionHire Solutions,2024-06-09,Not mentioned,"Doha, Qatar",Not enabled,None,https://qa.linkedin.com/jobs/view/storekeeper-delta-corporation-at-precisionhire-solutions-3946354481?position=18&pageNum=0&refId=L0uaeF8w8zETKnJPutlMMA%3D%3D&trackingId=3ZHj3KD9rIVEpogaULWSog%3D%3D&trk=public_jobs_jserp-result_search-card,https://www.linkedin.com/company/precisionhire-solutions?trk=public_jobs_jserp-result_job-search-card-subtitle,None
3946358417,Logistics Coordinator - Qatar Airways,PrecisionHire Solutions,2024-06-09,Not mentioned,"Doha, Qatar",Not enabled,None,https://qa.linkedin.com/jobs/view/logistics-coordinator-qatar-airways-at-precisionhire-solutions-3946358417?position=18&pageNum=0&refId=YYFQtuuIsKd79PvGDAG8cA%3D%3D&trackingId=Y5GsYpCZ3CxRY14kjd07wQ%3D%3D&trk=public_jobs_jserp-result_search-card,https://www.linkedin.com/company/precisionhire-solutions?trk=public_jobs_jserp-result_job-search-card-subtitle,None
3946357418,Storekeeper & Receiving - Hilton,PrecisionHire Solutions,2024-06-09,Not mentioned,"Doha, Qatar",Not enabled,None,https://qa.linkedin.com/jobs/view/storekeeper-receiving-hilton-at-precisionhire-solutions-3946357418?position=17&pageNum=0&refId=L0uaeF8w8zETKnJPutlMMA%3D%3D&trackingId=pm15HV50nhJ%2B%2BJj7gFzNwQ%3D%3D&trk=public_jobs_jserp-result_search-card,https://www.linkedin.com/company/precisionhire-solutions?trk=public_jobs_jserp-result_job-search-card-subtitle,None
3918309017,Engineering Coordinator,Doha Petroleum Construction Co. W.L.L,2024-06-09,Not mentioned,"Doha, Qatar",Not enabled,None,https://qa.linkedin.com/jobs/view/engineering-coordinator-at-doha-petroleum-construction-co-w-l-l-3918309017?position=59&pageNum=0&refId=MuH5OqQ%2Bc%2FSMuvUzjmLU3g%3D%3D&trackingId=W%2F8kBgrlXhYzpIjtM4U6gg%3D%3D&trk=public_jobs_jserp-result_search-card,https://qa.linkedin.com/company/dopet?trk=public_jobs_jserp-result_job-search-card-subtitle,None
3946356377,Warehouse Manager - Qatar Airways,PrecisionHire Solutions,2024-06-09,Not mentioned,"Doha, Qatar",Not enabled,None,https://qa.linkedin.com/jobs/view/warehouse-manager-qatar-airways-at-precisionhire-solutions-3946356377?position=13&pageNum=0&refId=YYFQtuuIsKd79PvGDAG8cA%3D%3D&trackingId=uGvbfDbwpNmN55VXUeCjSQ%3D%3D&trk=public_jobs_jserp-result_search-card,https://www.linkedin.com/company/precisionhire-solutions?trk=public_jobs_jserp-result_job-search-card-subtitle,None
3944310055,Entry level/Data Entry Clerk (Remote),Pixsta,2024-06-08,Not mentioned,"Al Rayyan, Al Rayyan, Qatar",Not enabled,None,https://qa.linkedin.com/jobs/view/entry-level-data-entry-clerk-remote-at-pixsta-3944310055?position=32&pageNum=0&refId=YYFQtuuIsKd79PvGDAG8cA%3D%3D&trackingId=L1CjAtuE3U8Zq6NgXmL0rg%3D%3D&trk=public_jobs_jserp-result_search-card,https://uk.linkedin.com/company/pixsta?trk=public_jobs_jserp-result_job-search-card-subtitle,None
3944307333,Remote Data Entry Assistant (Entry Level),Pixsta,2024-06-08,Not mentioned,"Al Rayyan, Al Rayyan, Qatar",Not enabled,None,https://qa.linkedin.com/jobs/view/remote-data-entry-assistant-entry-level-at-pixsta-3944307333?position=38&pageNum=0&refId=L0uaeF8w8zETKnJPutlMMA%3D%3D&trackingId=R3yLmSq8hvnsqLxnsHF7dw%3D%3D&trk=public_jobs_jserp-result_search-card,https://uk.linkedin.com/company/pixsta?trk=public_jobs_jserp-result_job-search-card-subtitle,None
3944304653,Data Entry Clerk (Entry Level),Pixsta,2024-06-08,Not mentioned,"Al Rayyan, Al Rayyan, Qatar",Not enabled,None,https://qa.linkedin.com/jobs/view/data-entry-clerk-entry-level-at-pixsta-3944304653?position=8&pageNum=0&refId=L0uaeF8w8zETKnJPutlMMA%3D%3D&trackingId=yrOo3AR%2Bg%2B3rflrhbnEJoQ%3D%3D&trk=public_jobs_jserp-result_search-card,https://uk.linkedin.com/company/pixsta?trk=public_jobs_jserp-result_job-search-card-subtitle,None
3944712331,Needed - Data Entry Reps Working Remotely,"Mirlyn, Inc",2024-06-08,Not mentioned,"Al Rayyan, Al Rayyan, Qatar",Not enabled,None,https://qa.linkedin.com/jobs/view/needed-data-entry-reps-working-remotely-at-mirlyn-inc-3944712331?position=9&pageNum=0&refId=L0uaeF8w8zETKnJPutlMMA%3D%3D&trackingId=VicBLSHkNUEo5szss620Ng%3D%3D&trk=public_jobs_jserp-result_search-card,https://www.linkedin.com/company/mirlyn-inc?trk=public_jobs_jserp-result_job-search-card-subtitle,None
3946071276,Assistant Station Head DOH,Malaysia Airlines,2024-06-08,Not mentioned,"Doha, Qatar",Not enabled,None,https://qa.linkedin.com/jobs/view/assistant-station-head-doh-at-malaysia-airlines-3946071276?position=48&pageNum=0&refId=YYFQtuuIsKd79PvGDAG8cA%3D%3D&trackingId=vx1OqQGvInYjBq6bHjiQgQ%3D%3D&trk=public_jobs_jserp-result_search-card,https://my.linkedin.com/company/malaysia-airlines?trk=public_jobs_jserp-result_job-search-card-subtitle,None
3944310047,Online Data Entry Clerk - Work From Home,"Mirlyn, Inc",2024-06-08,Not mentioned,"Al Rayyan, Al Rayyan, Qatar",Not enabled,None,https://qa.linkedin.com/jobs/view/online-data-entry-clerk-work-from-home-at-mirlyn-inc-3944310047?position=60&pageNum=0&refId=L0uaeF8w8zETKnJPutlMMA%3D%3D&trackingId=PqpxnjLhmykcXGWIdyNIHQ%3D%3D&trk=public_jobs_jserp-result_search-card,https://www.linkedin.com/company/mirlyn-inc?trk=public_jobs_jserp-result_job-search-card-subtitle,None
3944713216,Data Entry Operator - Urgent Work From Home,"Mirlyn, Inc",2024-06-08,Not mentioned,"Al Rayyan, Al Rayyan, Qatar",Not enabled,None,https://qa.linkedin.com/jobs/view/data-entry-operator-urgent-work-from-home-at-mirlyn-inc-3944713216?position=59&pageNum=0&refId=L0uaeF8w8zETKnJPutlMMA%3D%3D&trackingId=Nllx1xtP8Y5WDvz7MHNDhA%3D%3D&trk=public_jobs_jserp-result_search-card,https://www.linkedin.com/company/mirlyn-inc?trk=public_jobs_jserp-result_job-search-card-subtitle,None
3943629528,Remote Data Entry Associate (Entry Level),"Safe Access, Inc",2024-06-07,Not mentioned,"Al Rayyan, Al Rayyan, Qatar",Not enabled,None,https://qa.linkedin.com/jobs/view/remote-data-entry-associate-entry-level-at-safe-access-inc-3943629528?position=31&pageNum=0&refId=L0uaeF8w8zETKnJPutlMMA%3D%3D&trackingId=a%2BPSDP%2FrTm7rDkPZHdqGTg%3D%3D&trk=public_jobs_jserp-result_search-card,https://www.linkedin.com/company/safe-access-inc?trk=public_jobs_jserp-result_job-search-card-subtitle,None
3943628835,Entry-Level Work-From-Home Data Entry Jobs,SiteBetter.com,2024-06-07,Not mentioned,"Al Rayyan, Al Rayyan, Qatar",Not enabled,None,https://qa.linkedin.com/jobs/view/entry-level-work-from-home-data-entry-jobs-at-sitebetter-com-3943628835?position=59&pageNum=0&refId=YYFQtuuIsKd79PvGDAG8cA%3D%3D&trackingId=NO4vyhSWWWsgwMoZus%2FgsQ%3D%3D&trk=public_jobs_jserp-result_search-card,https://www.linkedin.com/company/sitebetter.com?trk=public_jobs_jserp-result_job-search-card-subtitle,None
3943633016,Data Entry Clerk - Work From Home (Part-Time),"Safe Access, Inc",2024-06-07,Not mentioned,"Al Rayyan, Al Rayyan, Qatar",Not enabled,None,https://qa.linkedin.com/jobs/view/data-entry-clerk-work-from-home-part-time-at-safe-access-inc-3943633016?position=40&pageNum=0&refId=L0uaeF8w8zETKnJPutlMMA%3D%3D&trackingId=HEGpvk7Tl31UlYiYy85K5A%3D%3D&trk=public_jobs_jserp-result_search-card,https://www.linkedin.com/company/safe-access-inc?trk=public_jobs_jserp-result_job-search-card-subtitle,None
3943627928,Data Entry Jobs - Work From Home,SiteBetter.com,2024-06-07,Not mentioned,"Al Rayyan, Al Rayyan, Qatar",Not enabled,None,https://qa.linkedin.com/jobs/view/data-entry-jobs-work-from-home-at-sitebetter-com-3943627928?position=56&pageNum=0&refId=YYFQtuuIsKd79PvGDAG8cA%3D%3D&trackingId=Hq8KRsk0jTTaOp6e73R44g%3D%3D&trk=public_jobs_jserp-result_search-card,https://www.linkedin.com/company/sitebetter.com?trk=public_jobs_jserp-result_job-search-card-subtitle,None
3928158692,Receptionist & Administrative Assistant,talabat,2024-06-07,Not mentioned,"Doha, Qatar",Not enabled,None,https://qa.linkedin.com/jobs/view/receptionist-administrative-assistant-at-talabat-3928158692?position=45&pageNum=0&refId=L0uaeF8w8zETKnJPutlMMA%3D%3D&trackingId=RVtLztVyf6gp%2F8Q554ukUQ%3D%3D&trk=public_jobs_jserp-result_search-card,https://ae.linkedin.com/company/talabat-com?trk=public_jobs_jserp-result_job-search-card-subtitle,None
3943631142,Entry-Level Data Entry Clerk (Part-Time) Remote,"Mirlyn, Inc",2024-06-07,Not mentioned,"Al Rayyan, Al Rayyan, Qatar",Not enabled,None,https://qa.linkedin.com/jobs/view/entry-level-data-entry-clerk-part-time-remote-at-mirlyn-inc-3943631142?position=20&pageNum=0&refId=L0uaeF8w8zETKnJPutlMMA%3D%3D&trackingId=tBjWK9Y4AdMMKo805qhKfw%3D%3D&trk=public_jobs_jserp-result_search-card,https://www.linkedin.com/company/mirlyn-inc?trk=public_jobs_jserp-result_job-search-card-subtitle,None
3943631144,Fully Remote Data Input Clerk,SiteBetter.com,2024-06-07,Not mentioned,"Al Rayyan, Al Rayyan, Qatar",Not enabled,None,https://qa.linkedin.com/jobs/view/fully-remote-data-input-clerk-at-sitebetter-com-3943631144?position=21&pageNum=0&refId=YYFQtuuIsKd79PvGDAG8cA%3D%3D&trackingId=D3z6Bl5gKoIVctkS%2Bxp0kA%3D%3D&trk=public_jobs_jserp-result_search-card,https://www.linkedin.com/company/sitebetter.com?trk=public_jobs_jserp-result_job-search-card-subtitle,None
3943628844,Data Entry Clerk Position (Work From Home),Pixsta,2024-06-07,Not mentioned,"Al Rayyan, Al Rayyan, Qatar",Not enabled,None,https://qa.linkedin.com/jobs/view/data-entry-clerk-position-work-from-home-at-pixsta-3943628844?position=35&pageNum=0&refId=L0uaeF8w8zETKnJPutlMMA%3D%3D&trackingId=6bUZwI8F1JStmyz%2FyXuH1w%3D%3D&trk=public_jobs_jserp-result_search-card,https://uk.linkedin.com/company/pixsta?trk=public_jobs_jserp-result_job-search-card-subtitle,None
3943632085,Part-Time/Full-Time Remote Data Entry Clerk,SiteBetter.com,2024-06-07,Not mentioned,"Al Rayyan, Al Rayyan, Qatar",Not enabled,None,https://qa.linkedin.com/jobs/view/part-time-full-time-remote-data-entry-clerk-at-sitebetter-com-3943632085?position=52&pageNum=0&refId=L0uaeF8w8zETKnJPutlMMA%3D%3D&trackingId=Q%2FGbRHqwaoit%2F991mHG%2FjA%3D%3D&trk=public_jobs_jserp-result_search-card,https://www.linkedin.com/company/sitebetter.com?trk=public_jobs_jserp-result_job-search-card-subtitle,None
3943634010,Data Entry Role – Remote Work,SiteBetter.com,2024-06-07,Not mentioned,"Al Rayyan, Al Rayyan, Qatar",Not enabled,None,https://qa.linkedin.com/jobs/view/data-entry-role-%E2%80%93-remote-work-at-sitebetter-com-3943634010?position=37&pageNum=0&refId=YYFQtuuIsKd79PvGDAG8cA%3D%3D&trackingId=8%2FTmf0aq%2FeTWdm8tWhHd2A%3D%3D&trk=public_jobs_jserp-result_search-card,https://www.linkedin.com/company/sitebetter.com?trk=public_jobs_jserp-result_job-search-card-subtitle,None
3943626992,Remote Job for Data Entry Role (Entry Level),SiteBetter.com,2024-06-07,Not mentioned,"Al Rayyan, Al Rayyan, Qatar",Not enabled,None,https://qa.linkedin.com/jobs/view/remote-job-for-data-entry-role-entry-level-at-sitebetter-com-3943626992?position=60&pageNum=0&refId=8TuapCSI1RntINfZRuDrEw%3D%3D&trackingId=6YN6%2BjHRCzQLUYAHJ2nAxg%3D%3D&trk=public_jobs_jserp-result_search-card,https://www.linkedin.com/company/sitebetter.com?trk=public_jobs_jserp-result_job-search-card-subtitle,None
3943232508,Data Entry Role – Fully Remote,Artisans Ecotimber,2024-06-06,Not mentioned,"Al Rayyan, Al Rayyan, Qatar",Not enabled,None,https://qa.linkedin.com/jobs/view/data-entry-role-%E2%80%93-fully-remote-at-artisans-ecotimber-3943232508?position=22&pageNum=0&refId=L0uaeF8w8zETKnJPutlMMA%3D%3D&trackingId=n9sltp2OCskQGpejWRrHJg%3D%3D&trk=public_jobs_jserp-result_search-card,https://www.linkedin.com/company/artisans-ecotimber?trk=public_jobs_jserp-result_job-search-card-subtitle,None
3944607711,Electrician,Ennismore,2024-06-06,Not mentioned,Doha Metropolitan Area,Not enabled,None,https://qa.linkedin.com/jobs/view/electrician-at-ennismore-3944607711?position=55&pageNum=0&refId=YYFQtuuIsKd79PvGDAG8cA%3D%3D&trackingId=ABgqNA4VV3p6yEwpib9CeA%3D%3D&trk=public_jobs_jserp-result_search-card,https://uk.linkedin.com/company/ennismore?trk=public_jobs_jserp-result_job-search-card-subtitle,None
3943455240,Technical Officer Mechanical,Hamad International Airport,2024-06-06,Not mentioned,"Doha, Qatar",Not enabled,None,https://qa.linkedin.com/jobs/view/technical-officer-mechanical-at-hamad-international-airport-3943455240?position=49&pageNum=0&refId=LlqEYkkwCFJhcLNKQj7o%2BQ%3D%3D&trackingId=uuHHF0WamlKZtRH4sjAC%2BQ%3D%3D&trk=public_jobs_jserp-result_search-card,https://qa.linkedin.com/company/hamad-international-airport?trk=public_jobs_jserp-result_job-search-card-subtitle,None
3943227768,Fully Remote Data Entry Role – Part Time,Artisans Ecotimber,2024-06-06,Not mentioned,"Al Rayyan, Al Rayyan, Qatar",Not enabled,None,https://qa.linkedin.com/jobs/view/fully-remote-data-entry-role-%E2%80%93-part-time-at-artisans-ecotimber-3943227768?position=27&pageNum=0&refId=L0uaeF8w8zETKnJPutlMMA%3D%3D&trackingId=%2Fk%2BA3XdNcbfawPh0aHkMSg%3D%3D&trk=public_jobs_jserp-result_search-card,https://www.linkedin.com/company/artisans-ecotimber?trk=public_jobs_jserp-result_job-search-card-subtitle,None
3944212612,Administrative Assistant,"McDermott International, Ltd",2024-06-06,Not mentioned,Doha Metropolitan Area,Not enabled,None,https://qa.linkedin.com/jobs/view/administrative-assistant-at-mcdermott-international-ltd-3944212612?position=32&pageNum=0&refId=L0uaeF8w8zETKnJPutlMMA%3D%3D&trackingId=13Mxees89TYlOQzeV9tFMg%3D%3D&trk=public_jobs_jserp-result_search-card,https://www.linkedin.com/company/mcdermott-international-inc-?trk=public_jobs_jserp-result_job-search-card-subtitle,None
3940373710,Sales Executive - Watches | Retail | DOMASCO | Qatar,Al-Futtaim,2024-06-06,Not mentioned,"Al Rayyan, Al Rayyan, Qatar",Not enabled,None,https://qa.linkedin.com/jobs/view/sales-executive-watches-retail-domasco-qatar-at-al-futtaim-3940373710?position=34&pageNum=0&refId=L0uaeF8w8zETKnJPutlMMA%3D%3D&trackingId=LObWZIxfOeLcQzUOmGUB0g%3D%3D&trk=public_jobs_jserp-result_search-card,https://ae.linkedin.com/company/al-futtaim?trk=public_jobs_jserp-result_job-search-card-subtitle,None
3942216429,Remote Data Entry Clerk (Part-Time/Full-Time),7Bar Foundation,2024-06-05,Not mentioned,"Al Rayyan, Al Rayyan, Qatar",Not enabled,None,https://qa.linkedin.com/jobs/view/remote-data-entry-clerk-part-time-full-time-at-7bar-foundation-3942216429?position=42&pageNum=0&refId=L0uaeF8w8zETKnJPutlMMA%3D%3D&trackingId=GaIYIIJoZ%2FEd8nHWYX5KaQ%3D%3D&trk=public_jobs_jserp-result_search-card,https://www.linkedin.com/company/7bar-foundation?trk=public_jobs_jserp-result_job-search-card-subtitle,None
3942296864,Control Center Duty Officer,Hamad International Airport,2024-06-05,Not mentioned,"Doha, Qatar",Not enabled,None,https://qa.linkedin.com/jobs/view/control-center-duty-officer-at-hamad-international-airport-3942296864?position=39&pageNum=0&refId=YYFQtuuIsKd79PvGDAG8cA%3D%3D&trackingId=D0AnpZb2I4Y4DJPG%2BNfinQ%3D%3D&trk=public_jobs_jserp-result_search-card,https://qa.linkedin.com/company/hamad-international-airport?trk=public_jobs_jserp-result_job-search-card-subtitle,None
3942620907,Electrical Technician,GETP Group,2024-06-05,Not mentioned,"Doha, Qatar",Not enabled,None,https://qa.linkedin.com/jobs/view/electrical-technician-at-getp-group-3942620907?position=30&pageNum=0&refId=MuH5OqQ%2Bc%2FSMuvUzjmLU3g%3D%3D&trackingId=rLhJMj5GWwWZeBx%2FtF0ckQ%3D%3D&trk=public_jobs_jserp-result_search-card,https://qa.linkedin.com/company/getp-group?trk=public_jobs_jserp-result_job-search-card-subtitle,None
3942214578,Entry Level Data Entry Clerk - Work From Home,Teknicon Solutions Inc,2024-06-05,Not mentioned,"Al Rayyan, Al Rayyan, Qatar",Not enabled,None,https://qa.linkedin.com/jobs/view/entry-level-data-entry-clerk-work-from-home-at-teknicon-solutions-inc-3942214578?position=60&pageNum=0&refId=MuH5OqQ%2Bc%2FSMuvUzjmLU3g%3D%3D&trackingId=QSZbgMZkFf18R1lQd7fToQ%3D%3D&trk=public_jobs_jserp-result_search-card,https://www.linkedin.com/company/teknicon-solutions-inc?trk=public_jobs_jserp-result_job-search-card-subtitle,None
3942602834,Junior Accountant - Doha,Skill Farm,2024-06-05,Not mentioned,"Doha, Qatar",Not enabled,None,https://qa.linkedin.com/jobs/view/junior-accountant-doha-at-skill-farm-3942602834?position=12&pageNum=0&refId=YYFQtuuIsKd79PvGDAG8cA%3D%3D&trackingId=7MGs8bun3aj9TC09m1cZpg%3D%3D&trk=public_jobs_jserp-result_search-card,https://uk.linkedin.com/company/skillsfarm?trk=public_jobs_jserp-result_job-search-card-subtitle,None
3942220126,Entry-Level Remote Data Entry Clerk,7Bar Foundation,2024-06-05,Not mentioned,"Al Rayyan, Al Rayyan, Qatar",Not enabled,None,https://qa.linkedin.com/jobs/view/entry-level-remote-data-entry-clerk-at-7bar-foundation-3942220126?position=39&pageNum=0&refId=L0uaeF8w8zETKnJPutlMMA%3D%3D&trackingId=Yxfef9v5QAwtDsyf%2BENdYg%3D%3D&trk=public_jobs_jserp-result_search-card,https://www.linkedin.com/company/7bar-foundation?trk=public_jobs_jserp-result_job-search-card-subtitle,None
3942214561,Data Entry Clerks Needed - Remote Work,Teknicon Solutions Inc,2024-06-05,Not mentioned,"Al Rayyan, Al Rayyan, Qatar",Not enabled,None,https://qa.linkedin.com/jobs/view/data-entry-clerks-needed-remote-work-at-teknicon-solutions-inc-3942214561?position=30&pageNum=0&refId=L0uaeF8w8zETKnJPutlMMA%3D%3D&trackingId=m4Zi3FjJJNnb38UyDRUQcA%3D%3D&trk=public_jobs_jserp-result_search-card,https://www.linkedin.com/company/teknicon-solutions-inc?trk=public_jobs_jserp-result_job-search-card-subtitle,None
3942639239,Front Desk Agent,IBIS,2024-06-05,Not mentioned,Doha Metropolitan Area,Not enabled,None,https://qa.linkedin.com/jobs/view/front-desk-agent-at-ibis-3942639239?position=7&pageNum=0&refId=L0uaeF8w8zETKnJPutlMMA%3D%3D&trackingId=W%2FqURZt2Xw74DC4myJV1hA%3D%3D&trk=public_jobs_jserp-result_search-card,https://uk.linkedin.com/company/ibis?trk=public_jobs_jserp-result_job-search-card-subtitle,None
3942214571,Remote Data Entry Clerk (Immediate),7Bar Foundation,2024-06-05,Not mentioned,"Al Rayyan, Al Rayyan, Qatar",Not enabled,None,https://qa.linkedin.com/jobs/view/remote-data-entry-clerk-immediate-at-7bar-foundation-3942214571?position=10&pageNum=0&refId=L0uaeF8w8zETKnJPutlMMA%3D%3D&trackingId=3nWbyJpbXF7CInL1Q4aQmg%3D%3D&trk=public_jobs_jserp-result_search-card,https://www.linkedin.com/company/7bar-foundation?trk=public_jobs_jserp-result_job-search-card-subtitle,None
3942213670,Data Entry Operator Work From Home,Teknicon Solutions Inc,2024-06-05,Not mentioned,"Al Rayyan, Al Rayyan, Qatar",Not enabled,None,https://qa.linkedin.com/jobs/view/data-entry-operator-work-from-home-at-teknicon-solutions-inc-3942213670?position=51&pageNum=0&refId=LlqEYkkwCFJhcLNKQj7o%2BQ%3D%3D&trackingId=AsI6hAcJ1umYPTdl4wJVDw%3D%3D&trk=public_jobs_jserp-result_search-card,https://www.linkedin.com/company/teknicon-solutions-inc?trk=public_jobs_jserp-result_job-search-card-subtitle,None
3942217367,Part-Time Remote Data Entry Position,7Bar Foundation,2024-06-05,Not mentioned,"Al Rayyan, Al Rayyan, Qatar",Not enabled,None,https://qa.linkedin.com/jobs/view/part-time-remote-data-entry-position-at-7bar-foundation-3942217367?position=21&pageNum=0&refId=L0uaeF8w8zETKnJPutlMMA%3D%3D&trackingId=yTCGOJfT1nHWYom2TrpVwA%3D%3D&trk=public_jobs_jserp-result_search-card,https://www.linkedin.com/company/7bar-foundation?trk=public_jobs_jserp-result_job-search-card-subtitle,None
3942220151,Needed - Remote Data Entry Operator,Teknicon Solutions Inc,2024-06-05,Not mentioned,"Al Rayyan, Al Rayyan, Qatar",Not enabled,None,https://qa.linkedin.com/jobs/view/needed-remote-data-entry-operator-at-teknicon-solutions-inc-3942220151?position=16&pageNum=0&refId=L0uaeF8w8zETKnJPutlMMA%3D%3D&trackingId=Rj4njIpS7RQtYwsWJj7G0w%3D%3D&trk=public_jobs_jserp-result_search-card,https://www.linkedin.com/company/teknicon-solutions-inc?trk=public_jobs_jserp-result_job-search-card-subtitle,None
3942329351,Human Resource Assistant,Sisco Jobs,2024-06-04,Not mentioned,Doha Metropolitan Area,Not enabled,None,https://qa.linkedin.com/jobs/view/human-resource-assistant-at-sisco-jobs-3942329351?position=53&pageNum=0&refId=L0uaeF8w8zETKnJPutlMMA%3D%3D&trackingId=wV%2BsnEATOApAk1gr5rsdyA%3D%3D&trk=public_jobs_jserp-result_search-card,https://in.linkedin.com/company/sisco-jobs?trk=public_jobs_jserp-result_job-search-card-subtitle,None
3941267324,Urgent Data Entry Clerks - Work From Home,Dangeruss Productions,2024-06-04,Not mentioned,"Al Rayyan, Al Rayyan, Qatar",Not enabled,None,https://qa.linkedin.com/jobs/view/urgent-data-entry-clerks-work-from-home-at-dangeruss-productions-3941267324?position=48&pageNum=0&refId=L0uaeF8w8zETKnJPutlMMA%3D%3D&trackingId=olA3COcirZI2m%2FVWwQ5vVA%3D%3D&trk=public_jobs_jserp-result_search-card,https://www.linkedin.com/company/dangeruss-productions?trk=public_jobs_jserp-result_job-search-card-subtitle,None
3941271024,Online Data Entry Clerk - Work From Home,Dangeruss Productions,2024-06-04,Not mentioned,"Al Rayyan, Al Rayyan, Qatar",Not enabled,None,https://qa.linkedin.com/jobs/view/online-data-entry-clerk-work-from-home-at-dangeruss-productions-3941271024?position=50&pageNum=0&refId=MuH5OqQ%2Bc%2FSMuvUzjmLU3g%3D%3D&trackingId=qZqhpzhBEKJJmEqpEe%2BhkQ%3D%3D&trk=public_jobs_jserp-result_search-card,https://www.linkedin.com/company/dangeruss-productions?trk=public_jobs_jserp-result_job-search-card-subtitle,None
3941270036,Entry Level Data Entry Clerk - Remote Jobs,Artevist,2024-06-04,Not mentioned,"Al Rayyan, Al Rayyan, Qatar",Not enabled,None,https://qa.linkedin.com/jobs/view/entry-level-data-entry-clerk-remote-jobs-at-artevist-3941270036?position=13&pageNum=0&refId=L0uaeF8w8zETKnJPutlMMA%3D%3D&trackingId=2%2FMeUnKy9qEech9DuTSfYw%3D%3D&trk=public_jobs_jserp-result_search-card,https://ca.linkedin.com/company/artevist?trk=public_jobs_jserp-result_job-search-card-subtitle,None
3941267272,Needed - Data Entry Reps Working Remotely,Dangeruss Productions,2024-06-04,Not mentioned,"Al Rayyan, Al Rayyan, Qatar",Not enabled,None,https://qa.linkedin.com/jobs/view/needed-data-entry-reps-working-remotely-at-dangeruss-productions-3941267272?position=37&pageNum=0&refId=L0uaeF8w8zETKnJPutlMMA%3D%3D&trackingId=GioXffsCymkDeqT%2FbTS1fQ%3D%3D&trk=public_jobs_jserp-result_search-card,https://www.linkedin.com/company/dangeruss-productions?trk=public_jobs_jserp-result_job-search-card-subtitle,None
3941264412,Data Entry Role – Remote Work,Artevist,2024-06-04,Not mentioned,"Al Rayyan, Al Rayyan, Qatar",Not enabled,None,https://qa.linkedin.com/jobs/view/data-entry-role-%E2%80%93-remote-work-at-artevist-3941264412?position=49&pageNum=0&refId=L0uaeF8w8zETKnJPutlMMA%3D%3D&trackingId=TgiU3y%2FnDIkKNBHkGXqo7Q%3D%3D&trk=public_jobs_jserp-result_search-card,https://ca.linkedin.com/company/artevist?trk=public_jobs_jserp-result_job-search-card-subtitle,None
3920684425,Store Manager | Retail | Watsons | Qatar,Al-Futtaim,2024-06-04,Not mentioned,"Al Rayyan, Al Rayyan, Qatar",Not enabled,None,https://qa.linkedin.com/jobs/view/store-manager-retail-watsons-qatar-at-al-futtaim-3920684425?position=8&pageNum=0&refId=YYFQtuuIsKd79PvGDAG8cA%3D%3D&trackingId=Ptc7os10pRt5wuauAfSMeg%3D%3D&trk=public_jobs_jserp-result_search-card,https://ae.linkedin.com/company/al-futtaim?trk=public_jobs_jserp-result_job-search-card-subtitle,None
3940944211,Customer Representative,ALI BIN ALI,2024-06-03,Not mentioned,"Doha, Doha, Qatar",Not enabled,None,https://qa.linkedin.com/jobs/view/customer-representative-at-ali-bin-ali-3940944211?position=52&pageNum=0&refId=LlqEYkkwCFJhcLNKQj7o%2BQ%3D%3D&trackingId=MTyvQlcmUaVb1X7eYdX38A%3D%3D&trk=public_jobs_jserp-result_search-card,https://qa.linkedin.com/company/abaholding?trk=public_jobs_jserp-result_job-search-card-subtitle,None
3941426473,QNB2667-Graduate Career Opportunities (Qatarization),QNB Group,2024-06-03,Not mentioned,"Doha, Qatar",Not enabled,None,https://qa.linkedin.com/jobs/view/qnb2667-graduate-career-opportunities-qatarization-at-qnb-group-3941426473?position=55&pageNum=0&refId=L0uaeF8w8zETKnJPutlMMA%3D%3D&trackingId=MZRY8RBvHhSB3663a%2FQYSg%3D%3D&trk=public_jobs_jserp-result_search-card,https://qa.linkedin.com/company/qatar-national-bank-group?trk=public_jobs_jserp-result_job-search-card-subtitle,None
3938810701,Customer Representative,ALI BIN ALI,2024-06-03,Not mentioned,"Doha, Qatar",Not enabled,None,https://qa.linkedin.com/jobs/view/customer-representative-at-ali-bin-ali-3938810701?position=53&pageNum=0&refId=8TuapCSI1RntINfZRuDrEw%3D%3D&trackingId=4KG4rVHsa%2B9baa8Ufb%2BjOQ%3D%3D&trk=public_jobs_jserp-result_search-card,https://qa.linkedin.com/company/abaholding?trk=public_jobs_jserp-result_job-search-card-subtitle,None
3941706690,Duty Free Store Manager - Qatar Airways,PrecisionHire Solutions,2024-06-03,Not mentioned,"Doha, Qatar",Not enabled,None,https://qa.linkedin.com/jobs/view/duty-free-store-manager-qatar-airways-at-precisionhire-solutions-3941706690?position=26&pageNum=0&refId=L0uaeF8w8zETKnJPutlMMA%3D%3D&trackingId=u9g8R0o7nnacFm7ygymkwg%3D%3D&trk=public_jobs_jserp-result_search-card,https://www.linkedin.com/company/precisionhire-solutions?trk=public_jobs_jserp-result_job-search-card-subtitle,None
3941711267,Storekeeper & Receiving - Hilton,PrecisionHire Solutions,2024-06-03,Not mentioned,"Doha, Qatar",Not enabled,None,https://qa.linkedin.com/jobs/view/storekeeper-receiving-hilton-at-precisionhire-solutions-3941711267?position=14&pageNum=0&refId=L0uaeF8w8zETKnJPutlMMA%3D%3D&trackingId=iMc%2BiT93SvHybLcQD4kDiQ%3D%3D&trk=public_jobs_jserp-result_search-card,https://www.linkedin.com/company/precisionhire-solutions?trk=public_jobs_jserp-result_job-search-card-subtitle,None
3941216034,Teaching Assistant with EYFS experience,Doha English Speaking School (DESS),2024-06-03,Not mentioned,"Doha, Doha, Qatar",Not enabled,None,https://qa.linkedin.com/jobs/view/teaching-assistant-with-eyfs-experience-at-doha-english-speaking-school-dess-3941216034?position=54&pageNum=0&refId=qNZP2jCp720gTnClj6iTog%3D%3D&trackingId=YzaN0J43JyvNgCXGW7A0GA%3D%3D&trk=public_jobs_jserp-result_search-card,https://qa.linkedin.com/company/doha-english-speaking-school?trk=public_jobs_jserp-result_job-search-card-subtitle,None
3941708648,Store Supervisor - Chalhoub Group,PrecisionHire Solutions,2024-06-03,Not mentioned,"Doha, Qatar",Not enabled,None,https://qa.linkedin.com/jobs/view/store-supervisor-chalhoub-group-at-precisionhire-solutions-3941708648?position=45&pageNum=0&refId=YYFQtuuIsKd79PvGDAG8cA%3D%3D&trackingId=0kpQMy%2F1l0NrStc8b6GXwA%3D%3D&trk=public_jobs_jserp-result_search-card,https://www.linkedin.com/company/precisionhire-solutions?trk=public_jobs_jserp-result_job-search-card-subtitle,None
3941705725,Storekeeper - Delta Corporation,PrecisionHire Solutions,2024-06-03,Not mentioned,"Doha, Qatar",Not enabled,None,https://qa.linkedin.com/jobs/view/storekeeper-delta-corporation-at-precisionhire-solutions-3941705725?position=19&pageNum=0&refId=L0uaeF8w8zETKnJPutlMMA%3D%3D&trackingId=DMLAEQqQv06Mk9dGjEUKxQ%3D%3D&trk=public_jobs_jserp-result_search-card,https://www.linkedin.com/company/precisionhire-solutions?trk=public_jobs_jserp-result_job-search-card-subtitle,None
3940697311,Sales Merchandiser,Aujan Coca-Cola Beverages Company (ACCBC),2024-06-02,Not mentioned,"Doha, Qatar",Not enabled,None,https://qa.linkedin.com/jobs/view/sales-merchandiser-at-aujan-coca-cola-beverages-company-accbc-3940697311?position=3&pageNum=0&refId=L0uaeF8w8zETKnJPutlMMA%3D%3D&trackingId=MBsFplsCw7zWN%2BkCvgfd2A%3D%3D&trk=public_jobs_jserp-result_search-card,https://ae.linkedin.com/company/aujan-industries?trk=public_jobs_jserp-result_job-search-card-subtitle,None
3940741154,Regional Accounting Manager,Almarai - المراعي,2024-06-02,Not mentioned,"Doha, Qatar",Not enabled,None,https://qa.linkedin.com/jobs/view/regional-accounting-manager-at-almarai-%D8%A7%D9%84%D9%85%D8%B1%D8%A7%D8%B9%D9%8A-3940741154?position=50&pageNum=0&refId=L0uaeF8w8zETKnJPutlMMA%3D%3D&trackingId=0ONroNWovaIZ8jFTpIc2cQ%3D%3D&trk=public_jobs_jserp-result_search-card,https://sa.linkedin.com/company/almarai?trk=public_jobs_jserp-result_job-search-card-subtitle,None
3940162376,PMO Lead,Ahlibank Qatar,2024-06-02,Not mentioned,"Doha, Qatar",Not enabled,None,https://qa.linkedin.com/jobs/view/pmo-lead-at-ahlibank-qatar-3940162376?position=29&pageNum=0&refId=L0uaeF8w8zETKnJPutlMMA%3D%3D&trackingId=O6zZWlFqhry13dunNUA%2FAQ%3D%3D&trk=public_jobs_jserp-result_search-card,https://qa.linkedin.com/company/ahlibankqatar?trk=public_jobs_jserp-result_job-search-card-subtitle,None
3940689059,Sales Representative,Aujan Coca-Cola Beverages Company (ACCBC),2024-06-02,Not mentioned,"Doha, Qatar",Not enabled,None,https://qa.linkedin.com/jobs/view/sales-representative-at-aujan-coca-cola-beverages-company-accbc-3940689059?position=4&pageNum=0&refId=L0uaeF8w8zETKnJPutlMMA%3D%3D&trackingId=AknJ%2FlFQVkl8V3Wfe2LO5g%3D%3D&trk=public_jobs_jserp-result_search-card,https://ae.linkedin.com/company/aujan-industries?trk=public_jobs_jserp-result_job-search-card-subtitle,None
3918539023,Boutique Cashier,Christian Dior Couture,2024-05-31,Not mentioned,"Doha, Qatar",Not enabled,None,https://qa.linkedin.com/jobs/view/boutique-cashier-at-christian-dior-couture-3918539023?position=55&pageNum=0&refId=LlqEYkkwCFJhcLNKQj7o%2BQ%3D%3D&trackingId=JbJEy0Hpr1AaEe736f428w%3D%3D&trk=public_jobs_jserp-result_search-card,https://fr.linkedin.com/company/christian-dior-couture?trk=public_jobs_jserp-result_job-search-card-subtitle,None
3939165334,IT Service Desk Technician,BITECH Middle East,2024-05-31,Not mentioned,"Doha, Qatar",Not enabled,None,https://qa.linkedin.com/jobs/view/it-service-desk-technician-at-bitech-middle-east-3939165334?position=47&pageNum=0&refId=YYFQtuuIsKd79PvGDAG8cA%3D%3D&trackingId=%2Fnkn9XfyTIj2PxocBESlpg%3D%3D&trk=public_jobs_jserp-result_search-card,https://ae.linkedin.com/company/bitech-middle-east?trk=public_jobs_jserp-result_job-search-card-subtitle,None
3935065447,Client Services Executive (Qatar),iFAST Global Bank Limited,2024-05-31,Not mentioned,"Doha, Qatar",Not enabled,None,https://qa.linkedin.com/jobs/view/client-services-executive-qatar-at-ifast-global-bank-limited-3935065447?position=29&pageNum=0&refId=YYFQtuuIsKd79PvGDAG8cA%3D%3D&trackingId=EE%2Bi%2BLRLSDxO0i433pWZxQ%3D%3D&trk=public_jobs_jserp-result_search-card,https://uk.linkedin.com/company/ifast-global-bank?trk=public_jobs_jserp-result_job-search-card-subtitle,None
3938904222,Housekeeping,Reata Glen,2024-05-30,Not mentioned,"Zone 18-19, Doha, Qatar",Not enabled,None,https://qa.linkedin.com/jobs/view/housekeeping-at-reata-glen-3938904222?position=50&pageNum=0&refId=LlqEYkkwCFJhcLNKQj7o%2BQ%3D%3D&trackingId=429sauR4SWCDLqoVvlZWGw%3D%3D&trk=public_jobs_jserp-result_search-card,https://www.linkedin.com/company/reata-glen?trk=public_jobs_jserp-result_job-search-card-subtitle,None
3934154731,Entry-Level Remote Data Input Position,Pixsta,2024-05-30,Not mentioned,"Al Rayyan, Al Rayyan, Qatar",Not enabled,None,https://qa.linkedin.com/jobs/view/entry-level-remote-data-input-position-at-pixsta-3934154731?position=28&pageNum=0&refId=L0uaeF8w8zETKnJPutlMMA%3D%3D&trackingId=EufzjZOldC2EgoCf2hs6Gg%3D%3D&trk=public_jobs_jserp-result_search-card,https://uk.linkedin.com/company/pixsta?trk=public_jobs_jserp-result_job-search-card-subtitle,None
3934411285,Risk & Operational Excellence Supervisor,Al Abdulghani Motors,2024-05-30,Not mentioned,"Doha, Qatar",Not enabled,None,https://qa.linkedin.com/jobs/view/risk-operational-excellence-supervisor-at-al-abdulghani-motors-3934411285?position=10&pageNum=0&refId=YYFQtuuIsKd79PvGDAG8cA%3D%3D&trackingId=dYCpJfk8QuRwA9znqN8vNA%3D%3D&trk=public_jobs_jserp-result_search-card,https://qa.linkedin.com/company/aamotors?trk=public_jobs_jserp-result_job-search-card-subtitle,None
3921850103,Vendor Manager,OFS,2024-05-29,Not mentioned,"Doha, Qatar",Not enabled,None,https://qa.linkedin.com/jobs/view/vendor-manager-at-ofs-3921850103?position=54&pageNum=0&refId=YYFQtuuIsKd79PvGDAG8cA%3D%3D&trackingId=NtZM5A7peyFxMdf4BMEc2w%3D%3D&trk=public_jobs_jserp-result_search-card,https://uk.linkedin.com/company/orbis-group-financial-services?trk=public_jobs_jserp-result_job-search-card-subtitle,None
3935688639,Duty Free Store Manager - Qatar Duty Free,Qatar Airways,2024-05-27,Not mentioned,"Doha, Qatar",Not enabled,None,https://qa.linkedin.com/jobs/view/duty-free-store-manager-qatar-duty-free-at-qatar-airways-3935688639?position=5&pageNum=0&refId=L0uaeF8w8zETKnJPutlMMA%3D%3D&trackingId=9uIWpG9p83scsaRzVOMJCQ%3D%3D&trk=public_jobs_jserp-result_search-card,https://qa.linkedin.com/company/qatar-airways?trk=public_jobs_jserp-result_job-search-card-subtitle,None
3931163972,Officer Client Management & Implementation,DOHA BANK,2024-05-22,Not mentioned,"Doha, Qatar",Not enabled,None,https://qa.linkedin.com/jobs/view/officer-client-management-implementation-at-doha-bank-3931163972?position=26&pageNum=0&refId=YYFQtuuIsKd79PvGDAG8cA%3D%3D&trackingId=BcAFLA26nrDkmWiTMabo%2Fw%3D%3D&trk=public_jobs_jserp-result_search-card,https://qa.linkedin.com/company/doha-bank?trk=public_jobs_jserp-result_job-search-card-subtitle,None
3857360631,Manager,NielsenIQ,2024-05-22,Not mentioned,"Doha, Doha, Qatar",Not enabled,None,https://qa.linkedin.com/jobs/view/manager-at-nielseniq-3857360631?position=11&pageNum=0&refId=YYFQtuuIsKd79PvGDAG8cA%3D%3D&trackingId=ZvVg8f5BOLVgpoiPeop%2Ffg%3D%3D&trk=public_jobs_jserp-result_search-card,https://www.linkedin.com/company/nielseniq?trk=public_jobs_jserp-result_job-search-card-subtitle,None
3926657292,Sales Executive,ALI BIN ALI,2024-05-22,Not mentioned,"Doha, Qatar",Not enabled,None,https://qa.linkedin.com/jobs/view/sales-executive-at-ali-bin-ali-3926657292?position=33&pageNum=0&refId=L0uaeF8w8zETKnJPutlMMA%3D%3D&trackingId=7cqMv%2B9cbO3TFLTIR0lnnQ%3D%3D&trk=public_jobs_jserp-result_search-card,https://qa.linkedin.com/company/abaholding?trk=public_jobs_jserp-result_job-search-card-subtitle,None
3932411536,Learning and Development Officer,Kintec Global Recruitment,2024-05-22,Not mentioned,Doha Metropolitan Area,Not enabled,None,https://qa.linkedin.com/jobs/view/learning-and-development-officer-at-kintec-global-recruitment-3932411536?position=2&pageNum=0&refId=YYFQtuuIsKd79PvGDAG8cA%3D%3D&trackingId=MlIBViCIzEu9nFICrbA8Pw%3D%3D&trk=public_jobs_jserp-result_search-card,https://uk.linkedin.com/company/kin-tec-recruitment-ltd?trk=public_jobs_jserp-result_job-search-card-subtitle,None
3931150996,Business Engagement Manager,Qatar Foundation,2024-05-22,Not mentioned,"Doha, Qatar",Not enabled,None,https://qa.linkedin.com/jobs/view/business-engagement-manager-at-qatar-foundation-3931150996?position=59&pageNum=0&refId=LlqEYkkwCFJhcLNKQj7o%2BQ%3D%3D&trackingId=p3neyUnbnT6MQB0w%2FWv%2Blw%3D%3D&trk=public_jobs_jserp-result_search-card,https://qa.linkedin.com/company/qatarfoundation?trk=public_jobs_jserp-result_job-search-card-subtitle,None
3930299949,Entry-Level Remote Data Clerk,SiteBetter.com,2024-05-21,Not mentioned,"Al Rayyan, Al Rayyan, Qatar",Not enabled,None,https://qa.linkedin.com/jobs/view/entry-level-remote-data-clerk-at-sitebetter-com-3930299949?position=47&pageNum=0&refId=L0uaeF8w8zETKnJPutlMMA%3D%3D&trackingId=FZ3b7n%2BgBSuuxWFWh0uAkg%3D%3D&trk=public_jobs_jserp-result_search-card,https://www.linkedin.com/company/sitebetter.com?trk=public_jobs_jserp-result_job-search-card-subtitle,None
3930482499,Compliance Officer (Corporate),QatarEnergy,2024-05-21,Not mentioned,"Doha, Qatar",Not enabled,None,https://qa.linkedin.com/jobs/view/compliance-officer-corporate-at-qatarenergy-3930482499?position=60&pageNum=0&refId=YYFQtuuIsKd79PvGDAG8cA%3D%3D&trackingId=Bx0G%2Bj4Cj2WjEewR2%2BiLQg%3D%3D&trk=public_jobs_jserp-result_search-card,https://qa.linkedin.com/company/qatarenergy?trk=public_jobs_jserp-result_job-search-card-subtitle,None
3930146023,Waiter/Waitress,Raffles Hotels & Resorts,2024-05-20,Not mentioned,Doha Metropolitan Area,Not enabled,None,https://qa.linkedin.com/jobs/view/waiter-waitress-at-raffles-hotels-resorts-3930146023?position=40&pageNum=0&refId=YYFQtuuIsKd79PvGDAG8cA%3D%3D&trackingId=LdSMLpqajtlTJyDyp31S1g%3D%3D&trk=public_jobs_jserp-result_search-card,https://fr.linkedin.com/company/raffles-hotels-&-resorts?trk=public_jobs_jserp-result_job-search-card-subtitle,None
3930755418,Admin Legal,Levante Holding,2024-05-20,Not mentioned,"Doha, Doha, Qatar",Not enabled,None,https://qa.linkedin.com/jobs/view/admin-legal-at-levante-holding-3930755418?position=56&pageNum=0&refId=L0uaeF8w8zETKnJPutlMMA%3D%3D&trackingId=953xY3h%2FIT7jYioom6B0CA%3D%3D&trk=public_jobs_jserp-result_search-card,https://www.linkedin.com/company/levante-holding?trk=public_jobs_jserp-result_job-search-card-subtitle,None
3930107092,Safety Officer (Investigation),Hamad International Airport,2024-05-20,Not mentioned,"Doha, Qatar",Not enabled,None,https://qa.linkedin.com/jobs/view/safety-officer-investigation-at-hamad-international-airport-3930107092?position=24&pageNum=0&refId=L0uaeF8w8zETKnJPutlMMA%3D%3D&trackingId=PbACUlPF3w5%2BYwLRYqvM%2Bw%3D%3D&trk=public_jobs_jserp-result_search-card,https://qa.linkedin.com/company/hamad-international-airport?trk=public_jobs_jserp-result_job-search-card-subtitle,None
3929510204,Document Controller,CANDIDZONE,2024-05-18,Not mentioned,"Doha, Doha, Qatar",Not enabled,None,https://qa.linkedin.com/jobs/view/document-controller-at-candidzone-3929510204?position=1&pageNum=0&refId=YYFQtuuIsKd79PvGDAG8cA%3D%3D&trackingId=%2Fe6A59TyBCCW7YY9rYSBiQ%3D%3D&trk=public_jobs_jserp-result_search-card,https://qa.linkedin.com/company/candidzoneqatar?trk=public_jobs_jserp-result_job-search-card-subtitle,None
3929514072,Inventory & Warehouse Supervisor,CANDIDZONE,2024-05-18,Not mentioned,"Doha, Doha, Qatar",Not enabled,None,https://qa.linkedin.com/jobs/view/inventory-warehouse-supervisor-at-candidzone-3929514072?position=44&pageNum=0&refId=L0uaeF8w8zETKnJPutlMMA%3D%3D&trackingId=vXMbmahAILfuJ4F7o0kIqw%3D%3D&trk=public_jobs_jserp-result_search-card,https://qa.linkedin.com/company/candidzoneqatar?trk=public_jobs_jserp-result_job-search-card-subtitle,None
3927928032,Chief Operating Officer,MKaNN Holding,2024-05-16,Not mentioned,"Doha, Qatar",Not enabled,None,https://qa.linkedin.com/jobs/view/chief-operating-officer-at-mkann-holding-3927928032?position=19&pageNum=0&refId=YYFQtuuIsKd79PvGDAG8cA%3D%3D&trackingId=PPnPdvJF4BHtpPWnSejAMg%3D%3D&trk=public_jobs_jserp-result_search-card,https://qa.linkedin.com/company/mkann-holding?trk=public_jobs_jserp-result_job-search-card-subtitle,None
3926229339,Procurement Officer,Hamad International Airport,2024-05-15,Not mentioned,"Doha, Qatar",Not enabled,None,https://qa.linkedin.com/jobs/view/procurement-officer-at-hamad-international-airport-3926229339?position=1&pageNum=0&refId=L0uaeF8w8zETKnJPutlMMA%3D%3D&trackingId=E5fxyCus%2Bb7OB1DaU1aWvg%3D%3D&trk=public_jobs_jserp-result_search-card,https://qa.linkedin.com/company/hamad-international-airport?trk=public_jobs_jserp-result_job-search-card-subtitle,None
3921645030,Business Analyst,Tech Mahindra,2024-05-14,Not mentioned,"Doha, Qatar",Not enabled,None,https://qa.linkedin.com/jobs/view/business-analyst-at-tech-mahindra-3921645030?position=6&pageNum=0&refId=L0uaeF8w8zETKnJPutlMMA%3D%3D&trackingId=vdzgyWWSQVVUHggN%2FzveQw%3D%3D&trk=public_jobs_jserp-result_search-card,https://in.linkedin.com/company/tech-mahindra?trk=public_jobs_jserp-result_job-search-card-subtitle,None
3921687522,Recruiter,Chesamel Group,2024-05-14,Not mentioned,"Doha, Qatar",Not enabled,None,https://qa.linkedin.com/jobs/view/recruiter-at-chesamel-group-3921687522?position=12&pageNum=0&refId=L0uaeF8w8zETKnJPutlMMA%3D%3D&trackingId=ObF85C9qE6yExeLB77lhUQ%3D%3D&trk=public_jobs_jserp-result_search-card,https://uk.linkedin.com/company/chesamel-communications-llp?trk=public_jobs_jserp-result_job-search-card-subtitle,None
3923895428,Store Assistant,CANDIDZONE,2024-05-13,Not mentioned,"Doha, Doha, Qatar",Not enabled,None,https://qa.linkedin.com/jobs/view/store-assistant-at-candidzone-3923895428?position=58&pageNum=0&refId=L0uaeF8w8zETKnJPutlMMA%3D%3D&trackingId=%2BegmBRIX%2FGkxEFuysieBQA%3D%3D&trk=public_jobs_jserp-result_search-card,https://qa.linkedin.com/company/candidzoneqatar?trk=public_jobs_jserp-result_job-search-card-subtitle,None
3923588227,Marketing Officer - Africa,Qatar Airways,2024-05-12,Not mentioned,"Doha, Qatar",Not enabled,None,https://qa.linkedin.com/jobs/view/marketing-officer-africa-at-qatar-airways-3923588227?position=15&pageNum=0&refId=L0uaeF8w8zETKnJPutlMMA%3D%3D&trackingId=HKwYGPdzGWpVHEvhn1rDHA%3D%3D&trk=public_jobs_jserp-result_search-card,https://qa.linkedin.com/company/qatar-airways?trk=public_jobs_jserp-result_job-search-card-subtitle,None
3923321624,Senior Personal Assistant,Al Koot Insurance & Reinsurance Company,2024-05-12,Not mentioned,"Doha, Qatar",Not enabled,None,https://qa.linkedin.com/jobs/view/senior-personal-assistant-at-al-koot-insurance-reinsurance-company-3923321624?position=2&pageNum=0&refId=L0uaeF8w8zETKnJPutlMMA%3D%3D&trackingId=xE2Yfj75UtUEjDPIr05HpA%3D%3D&trk=public_jobs_jserp-result_search-card,https://qa.linkedin.com/company/al-koot-insurance-&-reinsurance-company?trk=public_jobs_jserp-result_job-search-card-subtitle,None
3920935600,Commi IRD,Crew Life@Sea,2024-05-10,Not mentioned,"Doha, Qatar",Not enabled,None,https://qa.linkedin.com/jobs/view/commi-ird-at-crew-life%40sea-3920935600?position=56&pageNum=0&refId=LlqEYkkwCFJhcLNKQj7o%2BQ%3D%3D&trackingId=emIEaL4GM1QdMzfc4vdWdA%3D%3D&trk=public_jobs_jserp-result_search-card,https://za.linkedin.com/company/crew-life-sea?trk=public_jobs_jserp-result_job-search-card-subtitle,None
3917278126,Mechanic,ALI BIN ALI,2024-05-07,Not mentioned,"Doha, Qatar",Not enabled,None,https://qa.linkedin.com/jobs/view/mechanic-at-ali-bin-ali-3917278126?position=17&pageNum=0&refId=YYFQtuuIsKd79PvGDAG8cA%3D%3D&trackingId=roxrmWQ7MueQT4jriIX9ag%3D%3D&trk=public_jobs_jserp-result_search-card,https://qa.linkedin.com/company/abaholding?trk=public_jobs_jserp-result_job-search-card-subtitle,None
3917399903,Admin Assistant,CANDIDZONE,2024-05-04,Not mentioned,"Doha, Doha, Qatar",Not enabled,None,https://qa.linkedin.com/jobs/view/admin-assistant-at-candidzone-3917399903?position=23&pageNum=0&refId=YYFQtuuIsKd79PvGDAG8cA%3D%3D&trackingId=5ohvlRQvRYW1G0HukFmOyw%3D%3D&trk=public_jobs_jserp-result_search-card,https://qa.linkedin.com/company/candidzoneqatar?trk=public_jobs_jserp-result_job-search-card-subtitle,None
3935216075,Retail Opportunities - Qatar,Damas Jewellery,2024-04-30,Not mentioned,Qatar,Not enabled,None,https://qa.linkedin.com/jobs/view/retail-opportunities-qatar-at-damas-jewellery-3935216075?position=44&pageNum=0&refId=YYFQtuuIsKd79PvGDAG8cA%3D%3D&trackingId=k2pUpol9f93Cl2FFlqWLOg%3D%3D&trk=public_jobs_jserp-result_search-card,https://ae.linkedin.com/company/damas?trk=public_jobs_jserp-result_job-search-card-subtitle,None
3910657142,Auto Electrician,ALI BIN ALI,2024-04-30,Not mentioned,"Doha, Qatar",Not enabled,None,https://qa.linkedin.com/jobs/view/auto-electrician-at-ali-bin-ali-3910657142?position=51&pageNum=0&refId=L0uaeF8w8zETKnJPutlMMA%3D%3D&trackingId=%2FgKUvIdUp0gbTXSN4CrCUw%3D%3D&trk=public_jobs_jserp-result_search-card,https://qa.linkedin.com/company/abaholding?trk=public_jobs_jserp-result_job-search-card-subtitle,None
3910965274,Qatar - Onsite - Service Desk/Help Desk engineer,K20s - Kinetic Technologies Private Limited,2024-04-25,Not mentioned,"Doha, Qatar",Not enabled,None,https://qa.linkedin.com/jobs/view/qatar-onsite-service-desk-help-desk-engineer-at-k20s-kinetic-technologies-private-limited-3910965274?position=57&pageNum=0&refId=L0uaeF8w8zETKnJPutlMMA%3D%3D&trackingId=dDEMIojY5wImsqBFT64pGg%3D%3D&trk=public_jobs_jserp-result_search-card,https://ae.linkedin.com/company/k20s-kinetic-technologies-private-limited?trk=public_jobs_jserp-result_job-search-card-subtitle,None
3921868397,Qatar - Onsite - IT Support Engineer,K20s - Kinetic Technologies Private Limited,2024-04-25,Not mentioned,"Doha, Qatar",Not enabled,None,https://qa.linkedin.com/jobs/view/qatar-onsite-it-support-engineer-at-k20s-kinetic-technologies-private-limited-3921868397?position=54&pageNum=0&refId=L0uaeF8w8zETKnJPutlMMA%3D%3D&trackingId=WbK%2FmwYih0lyj42ypUkhDw%3D%3D&trk=public_jobs_jserp-result_search-card,https://ae.linkedin.com/company/k20s-kinetic-technologies-private-limited?trk=public_jobs_jserp-result_job-search-card-subtitle,None
3908451453,Talent Acquisition Administrator,Accor,2024-04-23,Not mentioned,Doha Metropolitan Area,Not enabled,None,https://qa.linkedin.com/jobs/view/talent-acquisition-administrator-at-accor-3908451453?position=27&pageNum=0&refId=YYFQtuuIsKd79PvGDAG8cA%3D%3D&trackingId=UKjAuo2EE8vZOCxFOP%2BDzw%3D%3D&trk=public_jobs_jserp-result_search-card,https://fr.linkedin.com/company/accor?trk=public_jobs_jserp-result_job-search-card-subtitle,None
3904636129,Customer Service Manager (Customer Service & Call Center),ALI BIN ALI,2024-04-23,Not mentioned,"Doha, Qatar",Not enabled,None,https://qa.linkedin.com/jobs/view/customer-service-manager-customer-service-call-center-at-ali-bin-ali-3904636129?position=46&pageNum=0&refId=L0uaeF8w8zETKnJPutlMMA%3D%3D&trackingId=%2BQohHLEow1p5IwKwfUfdeA%3D%3D&trk=public_jobs_jserp-result_search-card,https://qa.linkedin.com/company/abaholding?trk=public_jobs_jserp-result_job-search-card-subtitle,None
3907714352,Engineering Supervisor,Accor,2024-04-22,Not mentioned,Doha Metropolitan Area,Not enabled,None,https://qa.linkedin.com/jobs/view/engineering-supervisor-at-accor-3907714352?position=50&pageNum=0&refId=YYFQtuuIsKd79PvGDAG8cA%3D%3D&trackingId=kWK4iwE68FT815OZsaenCQ%3D%3D&trk=public_jobs_jserp-result_search-card,https://fr.linkedin.com/company/accor?trk=public_jobs_jserp-result_job-search-card-subtitle,None
3902358503,Executive Assistant (Arabic),ALI BIN ALI,2024-04-19,Not mentioned,"Doha, Qatar",Not enabled,None,https://qa.linkedin.com/jobs/view/executive-assistant-arabic-at-ali-bin-ali-3902358503?position=25&pageNum=0&refId=L0uaeF8w8zETKnJPutlMMA%3D%3D&trackingId=nK7IrbDCQ4MO5by0FsO08A%3D%3D&trk=public_jobs_jserp-result_search-card,https://qa.linkedin.com/company/abaholding?trk=public_jobs_jserp-result_job-search-card-subtitle,None
3882249955,Upper Elementary Teacher: Multiple Subjects in Grades 4-7 (2024/25),Hayat Universal School (HUBS) Qatar,2024-04-02,Not mentioned,"Doha, Qatar",Not enabled,None,https://qa.linkedin.com/jobs/view/upper-elementary-teacher-multiple-subjects-in-grades-4-7-2024-25-at-hayat-universal-school-hubs-qatar-3882249955?position=11&pageNum=0&refId=L0uaeF8w8zETKnJPutlMMA%3D%3D&trackingId=8jCk17ahDEvFbQReMl0%2BFg%3D%3D&trk=public_jobs_jserp-result_search-card,https://qa.linkedin.com/company/hayat-universal-school-hubs-qatar?trk=public_jobs_jserp-result_job-search-card-subtitle,None
3871763809,Architectural Draftsman,CANDIDZONE,2024-03-27,Not mentioned,"Doha, Doha, Qatar",Not enabled,None,https://qa.linkedin.com/jobs/view/architectural-draftsman-at-candidzone-3871763809?position=54&pageNum=0&refId=LlqEYkkwCFJhcLNKQj7o%2BQ%3D%3D&trackingId=SiKkfKFAkzuTBEFCDmFgsg%3D%3D&trk=public_jobs_jserp-result_search-card,https://qa.linkedin.com/company/candidzoneqatar?trk=public_jobs_jserp-result_job-search-card-subtitle,None
3849460737,Store Manager,Snoonu,2024-03-07,Not mentioned,"Doha, Doha, Qatar",Not enabled,None,https://qa.linkedin.com/jobs/view/store-manager-at-snoonu-3849460737?position=33&pageNum=0&refId=YYFQtuuIsKd79PvGDAG8cA%3D%3D&trackingId=cchtZPPcjp8VMj21j%2F8ROA%3D%3D&trk=public_jobs_jserp-result_search-card,https://qa.linkedin.com/company/snoonu-qatar?trk=public_jobs_jserp-result_job-search-card-subtitle,None
3840795055,Store Assistant,CANDIDZONE,2024-02-29,Not mentioned,"Doha, Doha, Qatar",Not enabled,None,https://qa.linkedin.com/jobs/view/store-assistant-at-candidzone-3840795055?position=23&pageNum=0&refId=L0uaeF8w8zETKnJPutlMMA%3D%3D&trackingId=GdRK95w7lBtS5JFKtSf7Yw%3D%3D&trk=public_jobs_jserp-result_search-card,https://qa.linkedin.com/company/candidzoneqatar?trk=public_jobs_jserp-result_job-search-card-subtitle,None
3812839197,Photographer,Sundus,2024-01-25,Not mentioned,"Doha, Doha, Qatar",Not enabled,None,https://qa.linkedin.com/jobs/view/photographer-at-sundus-3812839197?position=41&pageNum=0&refId=L0uaeF8w8zETKnJPutlMMA%3D%3D&trackingId=y52uwtNevlNvqYgyNm0BVA%3D%3D&trk=public_jobs_jserp-result_search-card,https://ae.linkedin.com/company/sundusglobal?trk=public_jobs_jserp-result_job-search-card-subtitle,None
3811754611,Site Engineers INSTALLATION & MAINTENANCE (Elevators & Escalators),CANDIDZONE,2024-01-23,Not mentioned,"Doha, Doha, Qatar",Not enabled,None,https://qa.linkedin.com/jobs/view/site-engineers-installation-maintenance-elevators-escalators-at-candidzone-3811754611?position=60&pageNum=0&refId=LlqEYkkwCFJhcLNKQj7o%2BQ%3D%3D&trackingId=Fr4KP9FReZ9OaSrOSqZKpg%3D%3D&trk=public_jobs_jserp-result_search-card,https://qa.linkedin.com/company/candidzoneqatar?trk=public_jobs_jserp-result_job-search-card-subtitle,None
3811751841,Secretary / Administrator,CANDIDZONE,2024-01-23,Not mentioned,"Doha, Doha, Qatar",Not enabled,None,https://qa.linkedin.com/jobs/view/secretary-administrator-at-candidzone-3811751841?position=35&pageNum=0&refId=YYFQtuuIsKd79PvGDAG8cA%3D%3D&trackingId=3WoH8Mck0RyuvL4%2FLpD3dw%3D%3D&trk=public_jobs_jserp-result_search-card,https://qa.linkedin.com/company/candidzoneqatar?trk=public_jobs_jserp-result_job-search-card-subtitle,None
3809194607,Electrical Technician,Taurus Contractors Pvt Ltd,2024-01-19,Not mentioned,"Doha, Doha, Qatar",Not enabled,None,https://qa.linkedin.com/jobs/view/electrical-technician-at-taurus-contractors-pvt-ltd-3809194607?position=7&pageNum=0&refId=YYFQtuuIsKd79PvGDAG8cA%3D%3D&trackingId=qMaoHBRzBJxdGKMHUCW7JA%3D%3D&trk=public_jobs_jserp-result_search-card,https://in.linkedin.com/company/taurus-contractors-pvt-ltd?trk=public_jobs_jserp-result_job-search-card-subtitle,None
3785166846,Driver - Light,Taurus Contractors Pvt Ltd,2023-12-15,Not mentioned,"Doha, Doha, Qatar",Not enabled,None,https://qa.linkedin.com/jobs/view/driver-light-at-taurus-contractors-pvt-ltd-3785166846?position=43&pageNum=0&refId=L0uaeF8w8zETKnJPutlMMA%3D%3D&trackingId=KnLAqHgaziY%2ByIU2D%2BzXRw%3D%3D&trk=public_jobs_jserp-result_search-card,https://in.linkedin.com/company/taurus-contractors-pvt-ltd?trk=public_jobs_jserp-result_job-search-card-subtitle,None
3773990581,Collection Senior Officer,Rentokil Initial,2023-11-02,Not mentioned,"Doha, Qatar",Not enabled,None,https://qa.linkedin.com/jobs/view/collection-senior-officer-at-rentokil-initial-3773990581?position=46&pageNum=0&refId=YYFQtuuIsKd79PvGDAG8cA%3D%3D&trackingId=N%2BoD11eYSLeGN7zD4BwV%2Fg%3D%3D&trk=public_jobs_jserp-result_search-card,https://uk.linkedin.com/company/rentokil-initial?trk=public_jobs_jserp-result_job-search-card-subtitle,None
3708683475,Tour Guide - Qatar,MTS Globe,2023-08-08,Not mentioned,Qatar,Not enabled,None,https://qa.linkedin.com/jobs/view/tour-guide-qatar-at-mts-globe-3708683475?position=9&pageNum=0&refId=YYFQtuuIsKd79PvGDAG8cA%3D%3D&trackingId=LNetUtA%2FOvvTpoD0gMwmag%3D%3D&trk=public_jobs_jserp-result_search-card,https://es.linkedin.com/company/m-t-s-incoming?trk=public_jobs_jserp-result_job-search-card-subtitle,None
3664558146,Store Supervisor | Nike | Qatar,GMG,2023-07-14,Not mentioned,"Doha, Doha, Qatar",Not enabled,None,https://qa.linkedin.com/jobs/view/store-supervisor-nike-qatar-at-gmg-3664558146?position=36&pageNum=0&refId=L0uaeF8w8zETKnJPutlMMA%3D%3D&trackingId=0aoPblHpNr7jN2eXe43l8Q%3D%3D&trk=public_jobs_jserp-result_search-card,https://ae.linkedin.com/company/gmg-group?trk=public_jobs_jserp-result_job-search-card-subtitle,None
